,DEWP,HUMI,PRES,TEMP,Iws,precipitation,Iprec,PM2.5
DEWP,1.0,0.6578083965845066,-0.7718939481749469,0.7988498011448354,-0.2900254430294025,0.08466104089651173,0.10433836214984862,0.09910190516056798
HUMI,0.6578083965845066,1.0,-0.2854227036719503,0.10290104592913217,-0.30744366477972707,0.10518962516897919,0.1480478132032514,0.3882286643905918
PRES,-0.7718939481749469,-0.2854227036719503,1.0,-0.8210492181532846,0.16880542564923073,-0.06321184081833053,-0.08593897132103612,0.04033432098726307
TEMP,0.7988498011448354,0.10290104592913217,-0.8210492181532846,1.0,-0.13881546776771428,0.042679926487782245,0.04373722478289333,-0.17802503859996024
Iws,-0.2900254430294025,-0.30744366477972707,0.16880542564923073,-0.13881546776771428,1.0,-0.013013277216352688,-0.017140191136091745,-0.230353731626042
precipitation,0.08466104089651173,0.10518962516897919,-0.06321184081833053,0.042679926487782245,-0.013013277216352688,1.0,0.5307044909323079,-0.02708419738920893
Iprec,0.10433836214984862,0.1480478132032514,-0.08593897132103612,0.04373722478289333,-0.017140191136091745,0.5307044909323079,1.0,-0.045664543123928654
PM2.5,0.09910190516056798,0.3882286643905918,0.04033432098726307,-0.17802503859996024,-0.230353731626042,-0.02708419738920893,-0.045664543123928654,1.0
