,DEWP,HUMI,PRES,TEMP,Iws,precipitation,Iprec,PM2.5
DEWP,1.0,0.4267775605006729,-0.8461041978242771,0.8391031635191094,-0.10968797221054358,0.07518911673389711,0.0678068333900455,-0.3153249215880813
HUMI,0.4267775605006729,1.0,-0.20060568097645248,-0.12607093380290343,-0.09935267927585904,0.1215205425176948,0.16969690651882294,-0.04846487336102087
PRES,-0.8461041978242771,-0.20060568097645248,1.0,-0.8157942608264679,0.010170400833002656,-0.09377837789259748,-0.08815040232387963,0.3220521075953282
TEMP,0.8391031635191094,-0.12607093380290343,-0.8157942608264679,1.0,-0.06867829430139438,0.01682088890821519,-0.01583165894909638,-0.3128283007825898
Iws,-0.10968797221054358,-0.09935267927585904,0.010170400833002656,-0.06867829430139438,1.0,-0.01648668147886286,-0.02002563777254686,-0.08639087307197259
precipitation,0.07518911673389711,0.1215205425176948,-0.09377837789259748,0.01682088890821519,-0.01648668147886286,1.0,0.5344704364655244,-0.08304590107624006
Iprec,0.0678068333900455,0.16969690651882294,-0.08815040232387963,-0.01583165894909638,-0.02002563777254686,0.5344704364655244,1.0,-0.12164767871434934
PM2.5,-0.3153249215880813,-0.04846487336102087,0.3220521075953282,-0.3128283007825898,-0.08639087307197259,-0.08304590107624006,-0.12164767871434934,1.0
