,DEWP,HUMI,PRES,TEMP,Iws,precipitation,Iprec,PM2.5
DEWP,1.0,0.43423456967965857,-0.8471169870875579,0.8717221858724356,-0.03128719942120763,0.08818656488222354,0.08046396310152716,-0.27637218817972825
HUMI,0.43423456967965857,1.0,-0.21801874455927434,-0.05310608118424041,0.028518198543294626,0.14250868420678567,0.16220659388621192,-0.08278423518143992
PRES,-0.8471169870875579,-0.21801874455927434,1.0,-0.8327200379340429,0.035243261204914014,-0.08976570152786631,-0.07854915564044793,0.19878034381080206
TEMP,0.8717221858724356,-0.05310608118424041,-0.8327200379340429,1.0,-0.054970726715239705,0.030618197144457026,0.013869444993502011,-0.2641220800211585
Iws,-0.03128719942120763,0.028518198543294626,0.035243261204914014,-0.054970726715239705,1.0,0.0460083736576957,0.06730886743524807,-0.20366911879030872
precipitation,0.08818656488222354,0.14250868420678567,-0.08976570152786631,0.030618197144457026,0.0460083736576957,1.0,0.38299376733530455,-0.06654270001354501
Iprec,0.08046396310152716,0.16220659388621192,-0.07854915564044793,0.013869444993502011,0.06730886743524807,0.38299376733530455,1.0,-0.09414685728392144
PM2.5,-0.27637218817972825,-0.08278423518143992,0.19878034381080206,-0.2641220800211585,-0.20366911879030872,-0.06654270001354501,-0.09414685728392144,1.0
