,DEWP,HUMI,PRES,TEMP,Iws,precipitation,Iprec,PM2.5
DEWP,1.0,0.3122557418002446,-0.7363626744643198,0.8067119346043359,-0.001973792849396531,0.11675761769790087,0.12892953820608105,-0.3695506839847334
HUMI,0.3122557418002446,1.0,0.06817667782009895,-0.29841374346882377,-0.12504403701906916,0.08765703911157806,0.12836954047238974,0.08184813406567683
PRES,-0.7363626744643198,0.06817667782009895,1.0,-0.7847895115725715,-0.06868730928021446,-0.1068070463139347,-0.1112941772903731,0.2589324427390496
TEMP,0.8067119346043359,-0.29841374346882377,-0.7847895115725715,1.0,0.07259852318392461,0.06883474533272911,0.05932509521291764,-0.42097691731028525
Iws,-0.001973792849396531,-0.12504403701906916,-0.06868730928021446,0.07259852318392461,1.0,0.049723306056570035,0.0773273526454422,-0.185422448543197
precipitation,0.11675761769790087,0.08765703911157806,-0.1068070463139347,0.06883474533272911,0.049723306056570035,1.0,0.4437687465975046,-0.07248495866376177
Iprec,0.12892953820608105,0.12836954047238974,-0.1112941772903731,0.05932509521291764,0.0773273526454422,0.4437687465975046,1.0,-0.09793653810854179
PM2.5,-0.3695506839847334,0.08184813406567683,0.2589324427390496,-0.42097691731028525,-0.185422448543197,-0.07248495866376177,-0.09793653810854179,1.0
